name,index,cpu_avg_pct,mem_avg_pct,timestamp
ES-马德里3-6,26,0,6,2026-10-01 06:08:31
SG2-新加坡西5,4,0,6,2026-10-01 06:08:31
AU-墨尔本,24,0,7,2026-10-01 06:08:31
SG2-新加坡西11,10,0,7,2026-10-01 06:08:31
SG2-新加坡西4,5,0,7,2026-10-01 06:08:31
SG2-新加坡西9,8,0,7,2026-10-01 06:08:31
US-凤凰城3,13,0,7,2026-10-01 06:08:31
AU-悉尼,23,0,8,2026-10-01 06:08:31
ES-马德里3-4,25,0,8,2026-10-01 06:08:31
ID-巴淡岛4,19,0,8,2026-10-01 06:08:31
JP-东京1,14,0,8,2026-10-01 06:08:31
SG2-新加坡西1,2,0,8,2026-10-01 06:08:31
SG2-新加坡西10,9,0,8,2026-10-01 06:08:31
DU-迪拜,27,0,12,2026-10-01 06:08:31
ID-巴淡岛1,17,0,16,2026-10-01 06:08:31
JBP-马来西亚1,20,0,18,2026-10-01 06:08:31
KR-首尔1,15,0,24,2026-10-01 06:08:31
US-凤凰城1,11,0,25,2026-10-01 06:08:31
US-凤凰城2,12,0,28,2026-10-01 06:08:31
ID-巴淡岛2,18,1,11,2026-10-01 06:08:31
SG2-新加坡西7,7,1,12,2026-10-01 06:08:31
SG1-新加坡3,1,1,14,2026-10-01 06:08:31
SG1-新加坡1,0,1,20,2026-10-01 06:08:31
SG2-新加坡西3,3,3,24,2026-10-01 06:08:31
JBP-马来西亚2,21,8,26,2026-10-01 06:08:31
JBP-马来西亚3,22,8,36,2026-10-01 06:08:31
SG2-新加坡西6,6,17,24,2026-10-01 06:08:31
